<manifest alg="2" build="2018.0.0.379" opt="true" iceEnabled="true" iceMarkupVersion="2" iceEnabledOptions="link,responsive,cachebuster,textStyling" exportTarget="other" domain="http://www.innografdiseno.com.ar" resolutions="1x" timestamp="1514041505138">
  <folder name="css">
    <file name="site_global.css" crc="3898475962"/>
    <file name="index.css" crc="531780949" ref="index"/>
    <file name="nomq_index.css" crc="39949264" ref="index"/>
    <file name="iefonts_index.css" crc="4167231660" ref="index"/>
  </folder>
  <folder name="scripts">
    <file name="jquery-1.8.3.min.js" crc="209076791" ref="index"/>
    <file name="museutils.js" crc="3803043152" ref="index"/>
    <file name="whatinput.js" crc="86476730" ref="index"/>
    <file name="museconfig.js" crc="4153641093" ref="index"/>
    <file name="jquery.musepolyfill.bgsize.js" crc="4148998990" ref="index"/>
    <file name="jquery.watch.js" crc="99325471" ref="index"/>
    <file name="webpro.js" crc="242022427" ref="index"/>
    <file name="musewpslideshow.js" crc="457073769" ref="index"/>
    <file name="jquery.museoverlay.js" crc="483674903" ref="index"/>
    <file name="touchswipe.js" crc="4066113679" ref="index"/>
    <file name="form_check.php" crc="147359589" ref="index"/>
    <file name="form_throttle.php" crc="93986428" ref="index"/>
    <file name="form_process.php" crc="3851993751" ref="index"/>
    <file name="form-u893.php" crc="137618390" ref="index"/>
    <file name="jquery.musemenu.js" crc="3784699396" ref="index"/>
    <file name="musewpdisclosure.js" crc="119288625" ref="index"/>
    <file name="jquery.scrolleffects.js" crc="530399994" ref="index"/>
    <file name="html5shiv.js" crc="4241844378" ref="index"/>
    <file name="jquery.museresponsive.js" crc="3955820958" ref="index"/>
    <file name="require.js" crc="4157109226" ref="index"/>
  </folder>
  <folder name="images">
    <file name="favicon.ico" crc="3853434739" ref="index"/>
    <file name="plotter-2138990_1920.jpg" crc="3920126939" ref="index">
      <caption webpage="index" alt=""/>
    </file>
    <file name="eee.png" crc="38817788" seo="true" ref="index">
      <caption webpage="index" alt=""/>
      <caption webpage="index" alt=""/>
      <caption webpage="index" alt=""/>
      <caption webpage="index" alt=""/>
      <caption webpage="index" alt=""/>
    </file>
    <file name="print-1822209_1920.jpg" crc="3937469191" ref="index">
      <caption webpage="index" alt=""/>
    </file>
    <file name="mac_poster_.png" crc="4129910880" seo="true" ref="index">
      <caption webpage="index" alt=""/>
      <caption webpage="index" alt=""/>
      <caption webpage="index" alt=""/>
      <caption webpage="index" alt=""/>
      <caption webpage="index" alt=""/>
    </file>
    <file name="foco_poster_.png" crc="4268262338" seo="true" ref="index">
      <caption webpage="index" alt=""/>
      <caption webpage="index" alt=""/>
      <caption webpage="index" alt=""/>
      <caption webpage="index" alt=""/>
      <caption webpage="index" alt=""/>
    </file>
    <file name="-blanco2.png" crc="4099684825" seo="true" ref="index">
      <caption webpage="index" alt=""/>
      <caption webpage="index" alt=""/>
      <caption webpage="index" alt=""/>
      <caption webpage="index" alt=""/>
      <caption webpage="index" alt=""/>
    </file>
    <file name="-blanco.png" crc="177549540" seo="true" ref="index">
      <caption webpage="index" alt=""/>
      <caption webpage="index" alt=""/>
      <caption webpage="index" alt=""/>
      <caption webpage="index" alt=""/>
      <caption webpage="index" alt=""/>
    </file>
    <file name="eyes_poster_.png" crc="236745766" seo="true" ref="index">
      <caption webpage="index" alt=""/>
      <caption webpage="index" alt=""/>
      <caption webpage="index" alt=""/>
      <caption webpage="index" alt=""/>
      <caption webpage="index" alt=""/>
    </file>
    <file name="editorial_poster_.png" crc="3800500671" seo="true" ref="index">
      <caption webpage="index" alt=""/>
      <caption webpage="index" alt=""/>
      <caption webpage="index" alt=""/>
      <caption webpage="index" alt=""/>
      <caption webpage="index" alt=""/>
    </file>
    <file name="portfolio.jpg" crc="410853262" seo="true" ref="index">
      <caption webpage="index" alt=""/>
      <caption webpage="index" alt=""/>
      <caption webpage="index" alt=""/>
    </file>
    <file name="blank.gif" crc="4208392903" ref="index"/>
    <file name="portfolio2.jpg" crc="4161721574" seo="true" ref="index">
      <caption webpage="index" alt=""/>
      <caption webpage="index" alt=""/>
      <caption webpage="index" alt=""/>
    </file>
    <file name="portfolio3-crop-u681.jpg" crc="3795535703" seo="true" ref="index">
      <caption webpage="index" alt=""/>
    </file>
    <file name="portfolio4-crop-u707.jpg" crc="520060515" seo="true" ref="index">
      <caption webpage="index" alt=""/>
    </file>
    <file name="portfolio5-crop-u733.jpg" crc="129680170" seo="true" ref="index">
      <caption webpage="index" alt=""/>
    </file>
    <file name="portfolio6-crop-u759.jpg" crc="3960694233" seo="true" ref="index">
      <caption webpage="index" alt=""/>
    </file>
    <file name="portfolio7-crop-u785.jpg" crc="4114348948" seo="true" ref="index">
      <caption webpage="index" alt=""/>
    </file>
    <file name="portfolio8.jpg" crc="4286455387" seo="true" ref="index">
      <caption webpage="index" alt=""/>
      <caption webpage="index" alt=""/>
      <caption webpage="index" alt=""/>
    </file>
    <file name="portfolio9-crop-u837.jpg" crc="3848946802" seo="true" ref="index">
      <caption webpage="index" alt=""/>
    </file>
    <file name="portfolio-crop-u510.jpg" crc="4024410029" seo="true" ref="index">
      <caption webpage="index" alt=""/>
    </file>
    <file name="portfolio2320x320.jpg" crc="4222317548" seo="true" ref="index">
      <caption webpage="index" alt=""/>
      <caption webpage="index" alt=""/>
    </file>
    <file name="portfolio3-crop-u689.jpg" crc="3832547792" seo="true" ref="index">
      <caption webpage="index" alt=""/>
    </file>
    <file name="portfolio4320x320.jpg" crc="4022489943" seo="true" ref="index">
      <caption webpage="index" alt=""/>
      <caption webpage="index" alt=""/>
    </file>
    <file name="portfolio5-crop-u741.jpg" crc="4107223226" seo="true" ref="index">
      <caption webpage="index" alt=""/>
    </file>
    <file name="portfolio6320x320.jpg" crc="310347577" seo="true" ref="index">
      <caption webpage="index" alt=""/>
      <caption webpage="index" alt=""/>
    </file>
    <file name="portfolio7320x320.jpg" crc="3773692565" seo="true" ref="index">
      <caption webpage="index" alt=""/>
      <caption webpage="index" alt=""/>
    </file>
    <file name="portfolio8-crop-u819.jpg" crc="3761176700" seo="true" ref="index">
      <caption webpage="index" alt=""/>
    </file>
    <file name="portfolio9320x320.jpg" crc="519252416" seo="true" ref="index">
      <caption webpage="index" alt=""/>
      <caption webpage="index" alt=""/>
    </file>
    <file name="loading.gif" crc="3815509949" ref="index"/>
    <file name="indicador.svg" crc="4104620961" seo="true" ref="index">
      <caption webpage="index" alt=""/>
      <caption webpage="index" alt=""/>
      <caption webpage="index" alt=""/>
      <caption webpage="index" alt=""/>
      <caption webpage="index" alt=""/>
    </file>
    <file name="indicador_poster_.png" crc="234583797" ref="index"/>
    <file name="icons8-networking-manager-100.png" crc="107156871" seo="true" ref="index">
      <caption webpage="index" alt=""/>
      <caption webpage="index" alt=""/>
      <caption webpage="index" alt=""/>
      <caption webpage="index" alt=""/>
      <caption webpage="index" alt=""/>
    </file>
    <file name="kubo-favicom.jpg" crc="3791418042" ref="index">
      <caption webpage="index" alt=""/>
      <caption webpage="index" alt=""/>
      <caption webpage="index" alt=""/>
      <caption webpage="index" alt=""/>
      <caption webpage="index" alt=""/>
    </file>
    <file name="kubo-favicom-u1071-fr.jpg" crc="3792116037" ref="index"/>
    <file name="plotter-2138990_1920-u274-fr.png" crc="4010262965" ref="index"/>
    <file name="portfolio3-crop-u6812.jpg" crc="3795535703" seo="true" ref="index">
      <caption webpage="index" alt=""/>
    </file>
    <file name="portfolio4-crop-u7072.jpg" crc="520060515" seo="true" ref="index">
      <caption webpage="index" alt=""/>
    </file>
    <file name="portfolio5-crop-u7332.jpg" crc="129680170" seo="true" ref="index">
      <caption webpage="index" alt=""/>
    </file>
    <file name="portfolio6-crop-u7592.jpg" crc="3960694233" seo="true" ref="index">
      <caption webpage="index" alt=""/>
    </file>
    <file name="portfolio7-crop-u7852.jpg" crc="4114348948" seo="true" ref="index">
      <caption webpage="index" alt=""/>
    </file>
    <file name="portfolio9-crop-u8372.jpg" crc="3848946802" seo="true" ref="index">
      <caption webpage="index" alt=""/>
    </file>
    <file name="portfolio-crop-u5102.jpg" crc="4024410029" seo="true" ref="index">
      <caption webpage="index" alt=""/>
    </file>
    <file name="portfolio3-crop-u6892.jpg" crc="3832547792" seo="true" ref="index">
      <caption webpage="index" alt=""/>
    </file>
    <file name="portfolio5-crop-u7412.jpg" crc="4107223226" seo="true" ref="index">
      <caption webpage="index" alt=""/>
    </file>
    <file name="portfolio8-crop-u8192.jpg" crc="3761176700" seo="true" ref="index">
      <caption webpage="index" alt=""/>
    </file>
    <file name="plotter-2138990_1920-u274-fr.jpg" crc="3991560692" ref="index"/>
    <file name="portfolio3.jpg" crc="4060424335" seo="true" ref="index">
      <caption webpage="index" alt=""/>
    </file>
    <file name="portfolio4546x546.jpg" crc="525219976" seo="true" ref="index">
      <caption webpage="index" alt=""/>
    </file>
    <file name="portfolio5.jpg" crc="197920008" seo="true" ref="index">
      <caption webpage="index" alt=""/>
    </file>
    <file name="portfolio6546x546.jpg" crc="378620379" seo="true" ref="index">
      <caption webpage="index" alt=""/>
    </file>
    <file name="portfolio7546x546.jpg" crc="4269430760" seo="true" ref="index">
      <caption webpage="index" alt=""/>
    </file>
    <file name="portfolio9-crop-u8373.jpg" crc="3848946802" seo="true" ref="index">
      <caption webpage="index" alt=""/>
    </file>
    <file name="portfolio-crop-u5103.jpg" crc="44126539" seo="true" ref="index">
      <caption webpage="index" alt=""/>
    </file>
    <file name="portfolio2300x300.jpg" crc="3771794463" seo="true" ref="index">
      <caption webpage="index" alt=""/>
    </file>
    <file name="portfolio3-crop-u6893.jpg" crc="213743437" seo="true" ref="index">
      <caption webpage="index" alt=""/>
    </file>
    <file name="portfolio4300x300.jpg" crc="357414502" seo="true" ref="index">
      <caption webpage="index" alt=""/>
    </file>
    <file name="portfolio5-crop-u7413.jpg" crc="212138353" seo="true" ref="index">
      <caption webpage="index" alt=""/>
    </file>
    <file name="portfolio6300x300.jpg" crc="4000613481" seo="true" ref="index">
      <caption webpage="index" alt=""/>
    </file>
    <file name="portfolio7300x300.jpg" crc="3929575525" seo="true" ref="index">
      <caption webpage="index" alt=""/>
    </file>
    <file name="portfolio8-crop-u8193.jpg" crc="252375298" seo="true" ref="index">
      <caption webpage="index" alt=""/>
    </file>
    <file name="portfolio9300x300.jpg" crc="163850569" seo="true" ref="index">
      <caption webpage="index" alt=""/>
    </file>
    <file name="menu.svg" crc="4006810428" ref="index"/>
    <file name="menu_poster_u2828.png" crc="37726303" ref="index"/>
    <file name="cerrar.svg" crc="494171557" ref="index"/>
    <file name="cerrar_poster_u2836.png" crc="3981862761" ref="index"/>
    <file name="portfolio-crop-u501.jpg" crc="1536850" seo="true" ref="index">
      <caption webpage="index" alt=""/>
    </file>
    <file name="portfolio2390x390.jpg" crc="4158881152" seo="true" ref="index">
      <caption webpage="index" alt=""/>
    </file>
    <file name="portfolio3-crop-u6813.jpg" crc="74966909" seo="true" ref="index">
      <caption webpage="index" alt=""/>
    </file>
    <file name="portfolio4390x390.jpg" crc="3774658975" seo="true" ref="index">
      <caption webpage="index" alt=""/>
    </file>
    <file name="portfolio5-crop-u7333.jpg" crc="4019017579" seo="true" ref="index">
      <caption webpage="index" alt=""/>
    </file>
    <file name="portfolio6390x390.jpg" crc="4083084302" seo="true" ref="index">
      <caption webpage="index" alt=""/>
    </file>
    <file name="portfolio7390x390.jpg" crc="108104675" seo="true" ref="index">
      <caption webpage="index" alt=""/>
    </file>
    <file name="portfolio8-crop-u811.jpg" crc="425860102" seo="true" ref="index">
      <caption webpage="index" alt=""/>
    </file>
    <file name="portfolio9520x520.jpg" crc="4229125521" seo="true" ref="index">
      <caption webpage="index" alt=""/>
    </file>
    <file name="portfolio-crop-u5104.jpg" crc="4056580728" seo="true" ref="index">
      <caption webpage="index" alt=""/>
    </file>
    <file name="portfolio2270x270.jpg" crc="492210513" seo="true" ref="index">
      <caption webpage="index" alt=""/>
      <caption webpage="index" alt=""/>
    </file>
    <file name="portfolio3-crop-u6894.jpg" crc="317616440" seo="true" ref="index">
      <caption webpage="index" alt=""/>
    </file>
    <file name="portfolio4270x270.jpg" crc="43543114" seo="true" ref="index">
      <caption webpage="index" alt=""/>
      <caption webpage="index" alt=""/>
    </file>
    <file name="portfolio5-crop-u7414.jpg" crc="80007546" seo="true" ref="index">
      <caption webpage="index" alt=""/>
    </file>
    <file name="portfolio6270x270.jpg" crc="4261730518" seo="true" ref="index">
      <caption webpage="index" alt=""/>
      <caption webpage="index" alt=""/>
    </file>
    <file name="portfolio7270x270.jpg" crc="334991524" seo="true" ref="index">
      <caption webpage="index" alt=""/>
      <caption webpage="index" alt=""/>
    </file>
    <file name="portfolio8-crop-u8194.jpg" crc="3778538756" seo="true" ref="index">
      <caption webpage="index" alt=""/>
    </file>
    <file name="portfolio9270x270.jpg" crc="4238194705" seo="true" ref="index">
      <caption webpage="index" alt=""/>
      <caption webpage="index" alt=""/>
    </file>
    <file name="portfolio-crop-u5012.jpg" crc="354677172" seo="true" ref="index">
      <caption webpage="index" alt=""/>
    </file>
    <file name="portfolio2354x354.jpg" crc="4077773346" seo="true" ref="index">
      <caption webpage="index" alt=""/>
    </file>
    <file name="portfolio3-crop-u6814.jpg" crc="213589579" seo="true" ref="index">
      <caption webpage="index" alt=""/>
    </file>
    <file name="portfolio4354x354.jpg" crc="4186775508" seo="true" ref="index">
      <caption webpage="index" alt=""/>
    </file>
    <file name="portfolio5-crop-u7334.jpg" crc="341861958" seo="true" ref="index">
      <caption webpage="index" alt=""/>
    </file>
    <file name="portfolio6354x354.jpg" crc="3925755035" seo="true" ref="index">
      <caption webpage="index" alt=""/>
    </file>
    <file name="portfolio7354x354.jpg" crc="4273259997" seo="true" ref="index">
      <caption webpage="index" alt=""/>
    </file>
    <file name="portfolio8-crop-u8112.jpg" crc="249895673" seo="true" ref="index">
      <caption webpage="index" alt=""/>
    </file>
    <file name="portfolio9472x473.jpg" crc="4283367134" seo="true" ref="index">
      <caption webpage="index" alt=""/>
    </file>
    <file name="portfolio-crop-u5105.jpg" crc="4056580728" seo="true" ref="index">
      <caption webpage="index" alt=""/>
    </file>
    <file name="portfolio3-crop-u6895.jpg" crc="317616440" seo="true" ref="index">
      <caption webpage="index" alt=""/>
    </file>
    <file name="portfolio5-crop-u7415.jpg" crc="80007546" seo="true" ref="index">
      <caption webpage="index" alt=""/>
    </file>
    <file name="portfolio8-crop-u8195.jpg" crc="3778538756" seo="true" ref="index">
      <caption webpage="index" alt=""/>
    </file>
  </folder>
  <file name="index.html" crc="4279211317" seo="true" mt="1514041360446" redirect="true"/>
</manifest>