<manifest alg="2" build="2017.0.1.363" opt="true" iceEnabled="true" iceMarkupVersion="2" iceEnabledOptions="link,responsive,cachebuster" exportTarget="other" domain="demo.ovmuse.com/ov-freelance" resolutions="1x" timestamp="1490110740916">
  <folder name="css">
    <file name="site_global.css" crc="305017867"/>
    <file name="index.css" crc="243257239" ref="index"/>
    <file name="nomq_index.css" crc="4001212620" ref="index"/>
  </folder>
  <folder name="fonts">
    <file name="montserrat-bold.woff" crc="4261763981"/>
    <file name="montserrat-bold.eot" crc="4026045001"/>
    <file name="montserrat-bold.svg" crc="3901776948"/>
  </folder>
  <folder name="scripts">
    <file name="jquery-1.8.3.min.js" crc="209076791" ref="index"/>
    <file name="museutils.js" crc="4148063285" ref="index"/>
    <file name="whatinput.js" crc="86476730" ref="index"/>
    <file name="museconfig.js" crc="4179431180" ref="index"/>
    <file name="jquery.watch.js" crc="437028206" ref="index"/>
    <file name="jquery.musepolyfill.bgsize.js" crc="4001026563" ref="index"/>
    <file name="jquery.musemenu.js" crc="3765830709" ref="index"/>
    <file name="webpro.js" crc="3986320349" ref="index"/>
    <file name="musewpslideshow.js" crc="405464237" ref="index"/>
    <file name="jquery.museoverlay.js" crc="305414130" ref="index"/>
    <file name="touchswipe.js" crc="221459597" ref="index"/>
    <file name="form_check.php" crc="303648844" ref="index"/>
    <file name="form_throttle.php" crc="236764551" ref="index"/>
    <file name="form_process.php" crc="4272079531" ref="index"/>
    <file name="form-u2748.php" crc="379766553" ref="index"/>
    <file name="musewpdisclosure.js" crc="3865010892" ref="index"/>
    <file name="jquery.scrolleffects.js" crc="3801019579" ref="index"/>
    <file name="html5shiv.js" crc="4241844378" ref="index"/>
    <file name="jquery.museresponsive.js" crc="3991890305" ref="index"/>
    <file name="require.js" crc="4159430777" ref="index"/>
  </folder>
  <folder name="images">
    <file name="favicon.ico" crc="3801467724" ref="index"/>
    <file name="foto-perfil.png" crc="3840005578" ref="index"/>
    <file name="indicador.svg" crc="4104620961" seo="true" ref="index"/>
    <file name="indicador_poster_.png" crc="3911789336" ref="index"/>
    <file name="foto-perfil-u2903-fr.png" crc="7578200" ref="index"/>
    <file name="blank.gif" crc="4208392903" ref="index"/>
    <file name="fondo-servicios.jpg" crc="4242209430" ref="index"/>
    <file name="heart.svg" crc="3953548412" seo="true" ref="index"/>
    <file name="heart_poster_.png" crc="4181276944" ref="index"/>
    <file name="eyes.svg" crc="163726801" seo="true" ref="index"/>
    <file name="eyes_poster_.png" crc="4675301" ref="index"/>
    <file name="editorial.svg" crc="3901782291" seo="true" ref="index"/>
    <file name="editorial_poster_.png" crc="329798254" ref="index"/>
    <file name="foco.svg" crc="4278224857" seo="true" ref="index"/>
    <file name="foco_poster_.png" crc="3759195624" ref="index"/>
    <file name="mac.svg" crc="136218557" seo="true" ref="index"/>
    <file name="mac_poster_.png" crc="259209897" ref="index"/>
    <file name="tofeo.svg" crc="4086431544" seo="true" ref="index"/>
    <file name="tofeo_poster_.png" crc="3861712501" ref="index"/>
    <file name="galeria-1.jpg" crc="3874899500" seo="true" ref="index"/>
    <file name="galeria-2.jpg" crc="434731215" seo="true" ref="index"/>
    <file name="galeria-3.jpg" crc="3875835187" seo="true" ref="index"/>
    <file name="galeria-4.jpg" crc="4086141873" seo="true" ref="index"/>
    <file name="galeria-5.jpg" crc="205911996" seo="true" ref="index"/>
    <file name="galeria-6.jpg" crc="4021237469" seo="true" ref="index"/>
    <file name="galeria-1312x234.jpg" crc="3837468364" seo="true" ref="index"/>
    <file name="galeria-2312x234.jpg" crc="110046641" seo="true" ref="index"/>
    <file name="galeria-3312x234.jpg" crc="4050170403" seo="true" ref="index"/>
    <file name="galeria-4312x234.jpg" crc="253717593" seo="true" ref="index"/>
    <file name="galeria-5312x234.jpg" crc="343231601" seo="true" ref="index"/>
    <file name="galeria-6312x234.jpg" crc="3801485652" seo="true" ref="index"/>
    <file name="loading.gif" crc="3815509949" ref="index"/>
    <file name="testimonio-1.jpg" crc="388099934" ref="index"/>
    <file name="testimonio-2.jpg" crc="352973528" ref="index"/>
    <file name="testimonio-3.jpg" crc="4163966450" ref="index"/>
    <file name="menu.svg" crc="4006810428" ref="index"/>
    <file name="menu_poster_u4987.png" crc="3997632718" ref="index"/>
    <file name="cerrar.svg" crc="494171557" ref="index"/>
    <file name="cerrar_poster_u4995.png" crc="4075968922" ref="index"/>
    <file name="galeria-1-crop-u1110.jpg" crc="3891130965" ref="index"/>
    <file name="galeria-2-crop-u1270.jpg" crc="3904361312" ref="index"/>
    <file name="galeria-3-crop-u1296.jpg" crc="407442299" ref="index"/>
    <file name="galeria-4-crop-u1322.jpg" crc="4225738455" ref="index"/>
    <file name="galeria-5-crop-u1348.jpg" crc="75611383" ref="index"/>
    <file name="galeria-6-crop-u1374.jpg" crc="4076614704" ref="index"/>
    <file name="galeria-1359x270.jpg" crc="386719287" seo="true" ref="index"/>
    <file name="galeria-2359x270.jpg" crc="310009365" seo="true" ref="index"/>
    <file name="galeria-3359x270.jpg" crc="3977250921" seo="true" ref="index"/>
    <file name="galeria-4359x270.jpg" crc="238210035" seo="true" ref="index"/>
    <file name="galeria-5359x270.jpg" crc="4159399602" seo="true" ref="index"/>
    <file name="galeria-6359x270.jpg" crc="430186593" seo="true" ref="index"/>
    <file name="galeria-1516x387.jpg" crc="15947332" seo="true" ref="index"/>
    <file name="galeria-2516x387.jpg" crc="178470864" seo="true" ref="index"/>
    <file name="galeria-3516x387.jpg" crc="263382109" seo="true" ref="index"/>
    <file name="galeria-4516x387.jpg" crc="148846777" seo="true" ref="index"/>
    <file name="galeria-5516x387.jpg" crc="4154962933" seo="true" ref="index"/>
    <file name="galeria-6516x387.jpg" crc="4127137660" seo="true" ref="index"/>
    <file name="galeria-1523x392.jpg" crc="75060132" seo="true" ref="index"/>
    <file name="galeria-2523x392.jpg" crc="447648584" seo="true" ref="index"/>
    <file name="galeria-3523x392.jpg" crc="466278820" seo="true" ref="index"/>
    <file name="galeria-4523x392.jpg" crc="4286566291" seo="true" ref="index"/>
    <file name="galeria-5523x392.jpg" crc="4214239351" seo="true" ref="index"/>
    <file name="galeria-6523x392.jpg" crc="47112945" seo="true" ref="index"/>
    <file name="galeria-1387x291.jpg" crc="4069909977" seo="true" ref="index"/>
    <file name="galeria-2387x291.jpg" crc="534153042" seo="true" ref="index"/>
    <file name="galeria-3387x291.jpg" crc="11721767" seo="true" ref="index"/>
    <file name="galeria-4387x291.jpg" crc="6662557" seo="true" ref="index"/>
    <file name="galeria-5387x291.jpg" crc="242502345" seo="true" ref="index"/>
    <file name="galeria-6387x291.jpg" crc="3764006370" seo="true" ref="index"/>
    <file name="galeria-1403x302.jpg" crc="3845859968" seo="true" ref="index"/>
    <file name="galeria-2403x302.jpg" crc="3897313158" seo="true" ref="index"/>
    <file name="galeria-3403x302.jpg" crc="3823690574" seo="true" ref="index"/>
    <file name="galeria-4403x302.jpg" crc="471584985" seo="true" ref="index"/>
    <file name="galeria-5403x302.jpg" crc="4255061401" seo="true" ref="index"/>
    <file name="galeria-6403x302.jpg" crc="8455660" seo="true" ref="index"/>
    <file name="galeria-1274x206.jpg" crc="42021266" seo="true" ref="index"/>
    <file name="galeria-2274x206.jpg" crc="210351495" seo="true" ref="index"/>
    <file name="galeria-3274x206.jpg" crc="279116062" seo="true" ref="index"/>
    <file name="galeria-4274x206.jpg" crc="4288396632" seo="true" ref="index"/>
    <file name="galeria-5274x206.jpg" crc="3791296413" seo="true" ref="index"/>
    <file name="galeria-6274x206.jpg" crc="4212837358" seo="true" ref="index"/>
    <file name="galeria-1296x222.jpg" crc="3878345331" seo="true" ref="index"/>
    <file name="galeria-2296x222.jpg" crc="402642244" seo="true" ref="index"/>
    <file name="galeria-3296x222.jpg" crc="4172953457" seo="true" ref="index"/>
    <file name="galeria-4296x222.jpg" crc="160994964" seo="true" ref="index"/>
    <file name="galeria-5296x222.jpg" crc="245694744" seo="true" ref="index"/>
    <file name="galeria-6296x222.jpg" crc="73922181" seo="true" ref="index"/>
  </folder>
  <file name="index.html" crc="4051963338" seo="true" mt="1489511488634" redirect="true"/>
</manifest>